name,ccode,rows,tiv,yr_min,yr_max,side
East Germany (GDR),265.0,14,309.58,1950,1953,rec
Brunei,835.0,37,281.79,1965,1983,rec
Zimbabwe,552.0,23,203.48,1950,1963,rec
United Arab Emirates,696.0,11,91.64,1968,1970,rec
South Sudan,626.0,6,84.24,2007,2010,rec
Oman,698.0,14,81.28999999999999,1959,1970,rec
Syria,652.0,7,74.6,1959,1960,rec
Germany,260.0,4,66.2,1953,1954,sup
Kuwait,690.0,7,51.57,1953,1960,rec
Tonga,955.0,5,18.29,1986,1996,rec
Ukraine,369.0,1,12.0,1956,1956,sup
Qatar,694.0,5,11.4,1968,1970,rec
Algeria,615.0,2,7.0,1961,1961,rec
Singapore,830.0,1,5.5,1956,1956,rec
Nigeria,475.0,1,5.32,1959,1959,rec
Slovenia,349.0,1,2.0,1991,1991,rec
Austria,305.0,1,1.9,1953,1953,rec
Zimbabwe,552.0,1,1.41,1964,1964,sup
Angola,540.0,1,1.4,1974,1974,rec
Croatia,344.0,1,1.0,1991,1991,rec
Bhutan,760.0,1,0.75,1968,1968,rec
South Vietnam,817.0,1,0.48,1953,1953,rec
