ccode1,ccode2,years,onsets,predicted,patron_share_yrs,residual,dyad,role,absres,selected
710,750,44,9,2.08,0.57,6.92,CHN-IND,off-the-line,,
645,652,45,7,2.38,0.73,4.62,IRQ-SYR,off-the-line,,CASE A
350,640,59,8,4.09,0.53,3.91,GRC-TUR,off-the-line,,shadow
710,731,24,5,1.41,0.92,3.59,CHN-PRK,off-the-line,,
710,816,36,5,2.01,0.61,2.99,CHN-DRV,off-the-line,,
651,666,59,9,6.04,0.51,2.96,EGY-ISR,off-the-line,,
732,740,24,4,1.45,1.0,2.55,ROK-JPN,off-the-line,,
91,92,44,5,2.67,0.64,2.33,HON-SAL,off-the-line,,
90,200,54,3,0.94,0.65,2.06,GUA-UKG,off-the-line,,
910,940,8,2,0.2,0.5,1.8,PNG-SOL,off-the-line,,
92,740,24,0,0.03,0.92,-0.03,SAL-JPN,on-the-line,0.03,
666,740,24,0,0.04,1.0,-0.04,ISR-JPN,on-the-line,0.04,
200,732,24,0,0.04,1.0,-0.04,UKG-ROK,on-the-line,0.04,
692,740,24,0,0.05,0.92,-0.05,BAH-JPN,on-the-line,0.05,
200,740,58,0,0.28,0.97,-0.28,UKG-JPN,on-the-line,0.28,
290,315,28,0,0.99,1.0,-0.99,POL-CZE,on-the-line,0.99,
310,315,30,0,1.16,1.0,-1.16,HUN-CZE,on-the-line,1.16,
732,740,24,4,1.45,1.0,2.55,ROK-JPN,on-the-line,2.55,
710,731,24,5,1.41,0.92,3.59,CHN-PRK,on-the-line,3.59,
