region,era,N,on,OR,lo,hi,p,lean
MENA,Cold War 1955-89,1318,84,0.8514914025201653,0.39630067796365864,1.829513924354793,0.680342446490519,False
MENA,Post-1990,1016,41,0.4598859925155116,0.17064332351023637,1.239398774949963,0.12461579389280276,False
Asia-Pacific,Cold War 1955-89,1465,75,0.907151698564746,0.5120469622750514,1.6071264255774675,0.7384046570448923,False
Asia-Pacific,Post-1990,1705,85,1.7341012743340694,1.0749557778835002,2.7974241280583567,0.024055210993358764,False
Europe,Cold War 1955-89,3520,48,1.5285745583797024,0.6713694795364807,3.480259755237711,0.31208852330261616,False
Europe,Post-1990,3501,30,1.317066428823969,0.30772902075874803,5.636985337483192,0.7104404365357124,False
SubSah.Africa,Cold War 1955-89,911,28,0.6222303138076958,0.1595622741658837,2.4264542821614237,0.49440542638375273,False
SubSah.Africa,Post-1990,453,9,2.1841082520303965e-10,8.847903186452363e-11,5.391479490746977e-10,0.0,False
S.America,Cold War 1955-89,628,19,1.6832606903032648,0.30769372669452266,9.208398825541153,0.5481116337371954,False
S.America,Post-1990,388,9,3.2597326322271553e-10,2.792395809001474e-11,3.805283190639887e-09,5.497908606908338e-68,True
N.Am/Carib,Cold War 1955-89,653,20,1.2322129485203897,0.4379866780867737,3.466655098127204,0.6923496352517904,False
cross-region,Cold War 1955-89,13589,157,0.47063236055310964,0.24969183316751295,0.8870727407860232,0.019777897675131984,False
cross-region,Post-1990,12989,90,0.5339587089350624,0.22944395127902192,1.2426211336505446,0.14540849600314557,False
